{"cameraMode":{"drawMode":0,"name":"Shaded","section":"Shading Mode"},"sceneLighting":false,"audioPlay":false,"sceneViewState":{"m_AlwaysRefresh":false,"showFog":true,"showSkybox":false,"showFlares":true,"showImageEffects":true,"showParticleSystems":true,"showVisualEffectGraphs":true,"m_FxEnabled":true},"in2DMode":false,"pivot":{"x":0.7289999723434448,"y":0.6728534698486328,"z":10.718999862670899},"rotation":{"x":0.020374394953250886,"y":0.1736740916967392,"z":0.0035941279493272306,"w":-0.9845862984657288},"size":1.8257372379302979,"orthographic":false}